"","ATT.avg","S.E.","CI.lower","CI.upper","p.value"
"",-10.121344379264,4.303281960898,-19.7524156597298,-1.621178670669,0.012
