"","ATT.avg","S.E.","CI.lower","CI.upper","p.value"
"",-15.8461433208361,4.30005156841729,-25.762084626107,-7.93000524378406,0
