"","ATT.avg","S.E.","CI.lower","CI.upper","p.value"
"",-2.13578093963809,7.56997909655131,-18.338329707138,10.6204137752916,0.650666666666667
