"","ATT.avg","S.E.","CI.lower","CI.upper","p.value"
"",-17.8440717210275,3.91143249188767,-26.4276292862658,-10.0368620681694,0
