"","ATT.avg","S.E.","CI.lower","CI.upper","p.value"
"",-15.0845206317202,4.94090507794958,-25.5382066450185,-5.3193301726227,0
