"","ATT.avg","S.E.","CI.lower","CI.upper","p.value"
"",-8.62402352963729,4.76897007840294,-19.0558413843412,1.11091631881363,0.0906666666666667
