"","ATT.avg","S.E.","CI.lower","CI.upper","p.value"
"",-18.9786162087194,3.29813496948977,-26.6679747111564,-13.4622569956467,0
