"","ATT.avg","S.E.","CI.lower","CI.upper","p.value"
"",-9.54002280148264,3.79268427096194,-18.0914992050101,-2.01146145104804,0.00133333333333333
