"","ATT.avg","S.E.","CI.lower","CI.upper","p.value"
"",-15.3376746339062,3.91568770847394,-24.2459990972427,-8.03924625704887,0
